{
    "Hip.L_InitialRotate": [
        [
            -1.0,
            8.986419608447704e-09,
            -1.509957741063772e-07,
            -0.3050665855407715
        ],
        [
            -8.986419608447704e-09,
            -1.0,
            0.0,
            -0.4619734287261963
        ],
        [
            -1.509957741063772e-07,
            1.3569114178758413e-15,
            1.0,
            0.0202168058604002
        ],
        [
            0.0,
            0.0,
            0.0,
            1.0
        ]
    ],
    "UpperLeg.L_InitialRotate": [
        [
            5.500597310970079e-08,
            -1.23393050444065e-07,
            -1.0,
            1.8659460643277725e-09
        ],
        [
            -0.02123260498046875,
            0.9997742176055908,
            -2.7140378833223622e-08,
            0.6561377048492432
        ],
        [
            0.9997745752334595,
            0.021232396364212036,
            6.32201562211776e-08,
            -5.045954765137139e-10
        ],
        [
            0.0,
            0.0,
            0.0,
            1.0
        ]
    ],
    "LowerLeg.L_InitialRotate": [
        [
            0.9964640736579895,
            -0.08401498198509216,
            -1.1529853338743123e-07,
            6.18409004005116e-08
        ],
        [
            0.08401520550251007,
            0.9964648485183716,
            2.5871324282888963e-07,
            1.0617283582687378
        ],
        [
            9.315503746165632e-08,
            -2.674854044926178e-07,
            1.0,
            -1.731385701475574e-09
        ],
        [
            0.0,
            0.0,
            0.0,
            1.0
        ]
    ],
    "UpperFeet.L_InitialRotate": [
        [
            0.9980250597000122,
            0.06281529366970062,
            -7.385822442529388e-08,
            2.2914675355423242e-05
        ],
        [
            -0.06281561404466629,
            0.9980252385139465,
            -1.8093831499754742e-07,
            0.7062706351280212
        ],
        [
            6.234668603610771e-08,
            1.8522050027058867e-07,
            1.0,
            -0.14692728221416473
        ],
        [
            0.0,
            0.0,
            0.0,
            1.0
        ]
    ],
    "LowerFeet.L_InitialRotate": [
        [
            7.549785863147918e-08,
            3.0057848571241053e-12,
            1.0,
            5.679368086930481e-11
        ],
        [
            1.4960573935240973e-05,
            1.0,
            -3.6397378166963534e-12,
            0.6482194066047668
        ],
        [
            -1.0,
            1.496057757321978e-05,
            7.549792968575275e-08,
            -3.9224964609729795e-08
        ],
        [
            0.0,
            0.0,
            0.0,
            1.0
        ]
    ],
    "UpperArm.L_InitialRotate": [
        [
            -3.1391647326017846e-07,
            0.0,
            -1.0,
            -0.9939553737640381
        ],
        [
            0.0,
            -1.0,
            0.0,
            -0.3003509044647217
        ],
        [
            -1.0,
            0.0,
            3.1391647326017846e-07,
            0.02156069688498974
        ],
        [
            0.0,
            0.0,
            0.0,
            1.0
        ]
    ],
    "LowerArm.L_InitialRotate": [
        [
            1.0,
            0.0,
            3.1786470344741247e-08,
            -9.100631359615363e-10
        ],
        [
            0.0,
            0.9999999403953552,
            0.0,
            0.895601749420166
        ],
        [
            -3.1786470344741247e-08,
            0.0,
            1.0,
            6.7682592863604896e-09
        ],
        [
            0.0,
            0.0,
            0.0,
            1.0
        ]
    ],
    "Hip.R_InitialRotate": [
        [
            -1.0,
            -4.4501767604288034e-08,
            -1.509957741063772e-07,
            0.3050370216369629
        ],
        [
            4.4501767604288034e-08,
            -1.0,
            0.0,
            -0.4619734287261963
        ],
        [
            -1.509957741063772e-07,
            -6.719578862654724e-15,
            1.0,
            0.0202168058604002
        ],
        [
            0.0,
            0.0,
            0.0,
            1.0
        ]
    ],
    "UpperLeg.R_InitialRotate": [
        [
            4.100506316717656e-07,
            1.4949856108614767e-07,
            1.0,
            3.076740640040043e-08
        ],
        [
            0.021232575178146362,
            0.9997744560241699,
            -5.502480604491211e-08,
            0.6561377048492432
        ],
        [
            -0.9997745752334595,
            0.021232515573501587,
            4.0010507973420317e-07,
            5.046061346547503e-10
        ],
        [
            0.0,
            0.0,
            0.0,
            1.0
        ]
    ],
    "LowerLeg.R_InitialRotate": [
        [
            0.9964641332626343,
            0.08401541411876678,
            8.784413552120895e-08,
            -2.4464618775255076e-08
        ],
        [
            -0.08401525765657425,
            0.9964644908905029,
            4.643375746127276e-07,
            1.0617284774780273
        ],
        [
            -4.8522061035782826e-08,
            -4.700763156506582e-07,
            1.0,
            -3.0418785712527097e-08
        ],
        [
            0.0,
            0.0,
            0.0,
            1.0
        ]
    ],
    "UpperFeet.R_InitialRotate": [
        [
            0.9980251789093018,
            -0.06281605362892151,
            1.1790010034928855e-07,
            -2.29270171985263e-05
        ],
        [
            0.06281594932079315,
            0.9980250597000122,
            -3.5778296592070546e-07,
            0.706270694732666
        ],
        [
            -9.519295218751722e-08,
            3.644825312676403e-07,
            1.0,
            -0.14692732691764832
        ],
        [
            0.0,
            0.0,
            0.0,
            1.0
        ]
    ],
    "LowerFeet.R_InitialRotate": [
        [
            6.715442850691034e-07,
            -1.0234992540991694e-11,
            -1.0,
            -1.425348727934761e-11
        ],
        [
            1.5109601918084081e-05,
            1.0,
            -1.2279504398981372e-15,
            0.6482195258140564
        ],
        [
            1.0,
            -1.5109601918084081e-05,
            6.715443987559411e-07,
            5.885086196144584e-09
        ],
        [
            0.0,
            0.0,
            0.0,
            1.0
        ]
    ],
    "UpperArm.R_InitialRotate": [
        [
            -3.1391647326017846e-07,
            0.0,
            1.0,
            0.9939258098602295
        ],
        [
            0.0,
            -1.0,
            0.0,
            -0.3003509044647217
        ],
        [
            1.0,
            0.0,
            3.1391647326017846e-07,
            0.02156069688498974
        ],
        [
            0.0,
            0.0,
            0.0,
            1.0
        ]
    ],
    "LowerArm.R_InitialRotate": [
        [
            1.0,
            0.0,
            -3.1786470344741247e-08,
            9.100631359615363e-10
        ],
        [
            0.0,
            0.9999999403953552,
            0.0,
            0.895601749420166
        ],
        [
            3.1786470344741247e-08,
            0.0,
            1.0,
            6.7682592863604896e-09
        ],
        [
            0.0,
            0.0,
            0.0,
            1.0
        ]
    ]
}